Mean Accuracy,Mean Response Time (Incorrect)
0.893333333,265.3128107
0.96,382.0536534
0.76,280.6419995
0.68,247.7856701
0.72,334.523105
0.893333333,338.7559993
0.52,210.0324477