Mean Accuracy,Mean Response Time (Correct)
0.893333333,373.7337074
0.96,369.030453
0.76,327.4975969
0.68,263.0848118
0.72,408.4943639
0.893333333,393.2073154
0.52,208.3393513