Mean Accuracy,Minumum Response Time
0.893333333,80.63203096
0.96,113.4819984
0.76,111.1010313
0.68,64.15998936
0.72,87.53597736
0.893333333,280.591011
0.52,98.0719924