Mean Accuracy,Maximum Response Time
0.893333333,547.6859808
0.96,563.2919669
0.76,531.0570002
0.68,622.5019693
0.72,635.9690428
0.893333333,510.1940036
0.52,375.8150339